{
  "losses": [
    0.5580286039367885,
    0.2815869748802548,
    0.1870505858753901,
    0.1501579054845405,
    0.12875495329814501,
    0.11398031617211354,
    0.10243135031801352,
    0.09430264304319794,
    0.0879444203566765,
    0.08277928769294231,
    0.07815090843774536,
    0.07451903121742946,
    0.07185272693276741,
    0.06853636334241697,
    0.06610605351322124,
    0.06409755812587456,
    0.06180686450055019,
    0.06060899634896784,
    0.05923776846111073,
    0.05799115700870542,
    0.05692627508461223,
    0.05602442669683518,
    0.05492296412440046,
    0.05406136971560789,
    0.05349497515471765
  ],
  "metrics": {
    "both": {
      "optimistic": {
        "adjusted_arithmetic_mean_rank": 0.09414182129970831,
        "adjusted_arithmetic_mean_rank_index": 0.9058609971491607,
        "adjusted_geometric_mean_rank_index": 0.9958496028597351,
        "adjusted_hits_at_k": 0.17336322131389487,
        "adjusted_inverse_harmonic_mean_rank": 0.09281303964631782,
        "arithmetic_mean_rank": 30257.56651372914,
        "count": 567552.0,
        "geometric_mean_rank": 978.7950640959209,
        "harmonic_mean_rank": 10.772046793086387,
        "hits_at_1": 0.05212914411366712,
        "hits_at_10": 0.17337618403247632,
        "hits_at_3": 0.10579118741542626,
        "hits_at_5": 0.13337984889490304,
        "inverse_arithmetic_mean_rank": 3.30495844583621e-05,
        "inverse_geometric_mean_rank": 0.001021664326560193,
        "inverse_harmonic_mean_rank": 0.09283286818265685,
        "inverse_median_rank": 0.0005252100840336134,
        "median_absolute_deviation": 2819.909419597655,
        "median_rank": 1904.0,
        "standard_deviation": 67159.31221084566,
        "variance": 4510373216.633842,
        "z_arithmetic_mean_rank": 1178.0677775285035,
        "z_geometric_mean_rank": 750.3592500723205,
        "z_hits_at_k": 32981.14585312902,
        "z_inverse_harmonic_mean_rank": 43538.9704269885
      },
      "pessimistic": {
        "adjusted_arithmetic_mean_rank": 0.0941419463507361,
        "adjusted_arithmetic_mean_rank_index": 0.9058608720977439,
        "adjusted_geometric_mean_rank_index": 0.9958495914961748,
        "adjusted_hits_at_k": 0.17336322131389487,
        "adjusted_inverse_harmonic_mean_rank": 0.09281297722420491,
        "arithmetic_mean_rank": 30257.60670564107,
        "count": 567552.0,
        "geometric_mean_rank": 978.7977412453342,
        "harmonic_mean_rank": 10.772054036207164,
        "hits_at_1": 0.05212914411366712,
        "hits_at_10": 0.17337618403247632,
        "hits_at_3": 0.10579118741542626,
        "hits_at_5": 0.13337984889490304,
        "inverse_arithmetic_mean_rank": 3.304954055779849e-05,
        "inverse_geometric_mean_rank": 0.001021661532164643,
        "inverse_harmonic_mean_rank": 0.0928328057619083,
        "inverse_median_rank": 0.0005252100840336134,
        "median_absolute_deviation": 2819.909419597655,
        "median_rank": 1904.0,
        "standard_deviation": 67159.37457808804,
        "variance": 4510381593.719938,
        "z_arithmetic_mean_rank": 1178.06761489975,
        "z_geometric_mean_rank": 750.359241510031,
        "z_hits_at_k": 32981.14585312902,
        "z_inverse_harmonic_mean_rank": 43538.941144524106
      },
      "realistic": {
        "adjusted_arithmetic_mean_rank": 0.09414188173382038,
        "adjusted_arithmetic_mean_rank_index": 0.9058609367148607,
        "adjusted_geometric_mean_rank_index": 0.995849595950301,
        "adjusted_hits_at_k": 0.17336322131389487,
        "adjusted_inverse_harmonic_mean_rank": 0.09281301244216564,
        "arithmetic_mean_rank": 30257.5859375,
        "count": 567552.0,
        "geometric_mean_rank": 978.7966918945312,
        "harmonic_mean_rank": 10.772049949706307,
        "hits_at_1": 0.05212914411366712,
        "hits_at_10": 0.17337618403247632,
        "hits_at_3": 0.10579118741542626,
        "hits_at_5": 0.13337984889490304,
        "inverse_arithmetic_mean_rank": 3.304956408101134e-05,
        "inverse_geometric_mean_rank": 0.0010216626105830073,
        "inverse_harmonic_mean_rank": 0.09283284097909927,
        "inverse_median_rank": 0.0005252101109363139,
        "median_absolute_deviation": 2819.909419597655,
        "median_rank": 1904.0,
        "standard_deviation": 67159.34375,
        "variance": 4510377472.0,
        "z_arithmetic_mean_rank": 1178.0676989339931,
        "z_geometric_mean_rank": 750.359244866155,
        "z_hits_at_k": 32981.14585312902,
        "z_inverse_harmonic_mean_rank": 43538.957665411224
      }
    },
    "head": {
      "optimistic": {
        "adjusted_arithmetic_mean_rank": 0.19070159236149026,
        "adjusted_arithmetic_mean_rank_index": 0.8093010664347845,
        "adjusted_geometric_mean_rank_index": 0.927130589083524,
        "adjusted_hits_at_k": 0.005723950044522491,
        "adjusted_inverse_harmonic_mean_rank": 0.0030344445599737057,
        "arithmetic_mean_rank": 58046.945354786876,
        "count": 283776.0,
        "geometric_mean_rank": 16243.957819842852,
        "harmonic_mean_rank": 327.0751656163392,
        "hits_at_1": 0.0011910802886783943,
        "hits_at_10": 0.0057404431664411365,
        "hits_at_3": 0.002082628552097429,
        "hits_at_5": 0.0034851432115471357,
        "inverse_arithmetic_mean_rank": 1.72274353781742e-05,
        "inverse_geometric_mean_rank": 6.156135167861906e-05,
        "inverse_harmonic_mean_rank": 0.003057401188242476,
        "inverse_median_rank": 4.162330905306972e-05,
        "median_absolute_deviation": 32934.52568188344,
        "median_rank": 24025.0,
        "standard_deviation": 85622.43490881824,
        "variance": 7331201359.714815,
        "z_arithmetic_mean_rank": 743.4817604278471,
        "z_geometric_mean_rank": 494.268016080613,
        "z_hits_at_k": 748.6557389590796,
        "z_inverse_harmonic_mean_rank": 978.6505876864496
      },
      "pessimistic": {
        "adjusted_arithmetic_mean_rank": 0.19070183344274397,
        "adjusted_arithmetic_mean_rank_index": 0.8093008253527387,
        "adjusted_geometric_mean_rank_index": 0.927130442125951,
        "adjusted_hits_at_k": 0.005723950044522491,
        "adjusted_inverse_harmonic_mean_rank": 0.0030344429108470116,
        "arithmetic_mean_rank": 58047.018736609156,
        "count": 283776.0,
        "geometric_mean_rank": 16243.990577424252,
        "harmonic_mean_rank": 327.0753420329179,
        "hits_at_1": 0.0011910802886783943,
        "hits_at_10": 0.0057404431664411365,
        "hits_at_3": 0.002082628552097429,
        "hits_at_5": 0.0034851432115471357,
        "inverse_arithmetic_mean_rank": 1.722741359961212e-05,
        "inverse_geometric_mean_rank": 6.156122753418675e-05,
        "inverse_harmonic_mean_rank": 0.003057399539153755,
        "inverse_median_rank": 4.162330905306972e-05,
        "median_absolute_deviation": 32934.52568188344,
        "median_rank": 24025.0,
        "standard_deviation": 85622.50809703098,
        "variance": 7331213892.826136,
        "z_arithmetic_mean_rank": 743.4815389526616,
        "z_geometric_mean_rank": 494.26793773520086,
        "z_hits_at_k": 748.6557389590796,
        "z_inverse_harmonic_mean_rank": 978.650055820147
      },
      "realistic": {
        "adjusted_arithmetic_mean_rank": 0.1907017077213708,
        "adjusted_arithmetic_mean_rank_index": 0.8093009510745249,
        "adjusted_geometric_mean_rank_index": 0.9271305006188529,
        "adjusted_hits_at_k": 0.005723950044522491,
        "adjusted_inverse_harmonic_mean_rank": 0.00303444360202748,
        "arithmetic_mean_rank": 58046.98046875,
        "count": 283776.0,
        "geometric_mean_rank": 16243.9775390625,
        "harmonic_mean_rank": 327.07526809334,
        "hits_at_1": 0.0011910802886783943,
        "hits_at_10": 0.0057404431664411365,
        "hits_at_3": 0.002082628552097429,
        "hits_at_5": 0.0034851432115471357,
        "inverse_arithmetic_mean_rank": 1.722742490528617e-05,